SERIAL_NO,년도,행정구역코드,주차장명,소재지,환승수단,주차장형식,주차급지,주차면수,일반주차요금,환승주차요금,운영기관,자료기준일,위도,경도
0001000010,2020,3105000,부천북부역,경기도 부천시 심곡동 497,1호선,1,1,30,400원/10분,,경기도 부천시 시설관리공단,2019-08-30,37.48418914,126.7841937
0002000029,2020,3105000,부천남부역,경기도 부천시 심곡본동 550-10,1호선,2,1,30,400원/10분,,경기도 부천시 시설관리공단,2019-08-30,37.48339424,126.7830925
0002000030,2020,3105000,부천역 남부 제2호,경기도 부천시 심곡본동 316-8,1호선,2,1,30,400원/10분,,경기도 부천시 시설관리공단,2019-08-30,37.48338489,126.7858694
1001000028,2020,1101000,종로3가역뒤,서울특별시 종로구 봉익동36,"1,3호선",1,1,5,500원/5분,,서울특별시 종로구청,2019-01-15,37.5723642,126.991879
1022000001,2020,1103000,한강진역,서울특별시 용산구 한남동 산10-84,6호선,2,2,5,250원/5분,,서울시설공단,2019-04-30,37.539028,127.002074
1031000002,2020,1104000,옥수역,서울특별시 성동구 옥수동 401-1,3호선,1,4,5,100원/5분,,서울시설공단,2019-04-30,37.542186,127.017163
1051000001,2020,1106000,회기역 주변,서울특별시 동대문구 휘경동 255-320,1호선,1,2,10,500원/10분,,서울특별시 동대문구청,2019-10-31,37.59026,127.0612
1062000002,2020,1107000,봉화산역(남),서울특별시 중랑구 신내동647,6호선,2,5,5,50원/5분,,서울시설공단,2019-04-30,37.616427,127.091907
1072000004,2020,1108000,길음환승,서울특별시 성북구 하월곡동 104-112,4호선,2,3,5,150원/5분,,성북구 도시관리공단,2019-10-10,37.60410099,127.0258339
1092000001,2020,1110000,창동역,서울특별시 도봉구 창동 1-9,"1,4호선",2,4,5,100원/5분,,서울시설공단,2019-04-30,37.654781,127.050827
1092000002,2020,1110000,도봉산역,서울특별시 도봉구 도봉동 288-19,"1,7호선",2,4,5,100원/5분,,서울시설공단,2019-04-30,37.689719,127.044822
1092000004,2020,1110000,창동역(서),서울특별시 도봉구 창동 330,"1,4호선",2,3,5,150원/5분,,서울시설공단,2019-04-30,37.652253,127.045832
1102000001,2020,1111000,수락산역,서울특별시 노원구 상계동 1268,7호선,2,4,5,100원/5분,,서울시설공단,2019-04-30,37.678552,127.055903
1102000002,2020,1111000,석계역,서울특별시 노원구 월계동 50-9,"1,6호선",2,3,5,150원/5분,,서울시설공단,2019-04-30,37.615487,127.062328
1102000003,2020,1111000,월계역,서울특별시 노원구 월계동 589-3,1호선,2,4,5,100원/5분,,서울시설공단,2019-04-30,37.633124,127.058825
1112000001,2020,1112000,구파발역,서울특별시 은평구 진관동 66-30,3호선,2,4,5,100원/5분,,서울시설공단,2019-04-30,37.638085,126.919142
1152000001,2020,1116000,개화산역,서울특별시 강서구 방화동 845,5호선,2,4,5,100원/5분,,서울시설공단,2019-04-30,37.572362,126.805774
1152000002,2020,1116000,개화역,서울특별시 강서구 개화동 490-3,9호선,2,4,5,100원/5분,,서울시설공단,2019-04-30,37.577917,126.798208
1152000005,2020,1116000,공항동(송정역),서울특별시 강서구 공항동 42-8,5호선,2,3,5,150원/5분,,서울시설공단,2019-04-30,37.560321,126.810614
1152000006,2020,1116000,방화역(동),서울특별시 강서구 방화동 830-4,"5,9호선",2,4,5,100원/5분,,서울시설공단,2019-04-30,37.57725,126.813278
1152000007,2020,1116000,방화역(서),서울특별시 강서구 방화동 829-1,"5,9호선",2,4,5,100원/5분,,서울시설공단,2019-04-30,37.577527,126.812129
1152000010,2020,1116000,신방화역환승주차장,서울특별시 강서구 마곡동 739,9호선,2,4,5,100원/5분,,서울시설공단,2019-04-30,37.566771,126.818054
1161000001,2020,1117000,대림역2,서울특별시 구로구 구로동 73-9,"2,7호선",1,3,5,150원/5분,,서울시설공단,2019-04-30,37.494945,126.893836
1161000003,2020,1117000,개봉역(남단),서울특별시 구로구 개봉동 403-31,1호선,1,2,5,250원/5분,,서울시설공단,2019-04-30,37.493024,126.856043
1161000004,2020,1117000,개봉역(북),서울특별시 구로구 개봉동 353-23,1호선,1,3,5,150원/5분,,서울시설공단,2019-04-30,37.495483,126.856286
1161000005,2020,1117000,개봉역(중앙),서울특별시 구로구 개봉동 403-10,1호선,1,2,5,250원/5분,,서울시설공단,2019-04-30,37.494479,126.856192
1161000007,2020,1117000,온수역(남),서울특별시 구로구 온수동51-26,"1,7호선",1,4,5,100원/5분,,서울시설공단,2019-04-30,37.491898,126.824149
1161000008,2020,1117000,온수역(북),서울특별시 구로구 온수동20-1,"1,7호선",1,4,5,100원/5분,,서울시설공단,2019-04-30,37.492722,126.821463
1162000001,2020,1117000,구로디지털단지역,서울특별시 구로구 구로동 1123,2호선,2,3,5,100원/5분,,서울시설공단,2019-04-30,37.485258,126.901611
1162000002,2020,1117000,천왕역,서울특별시 구로구 오류동 174-10,7호선,2,4,5,100원/5분,,서울시설공단,2019-04-30,37.4866,126.83889
1162000004,2020,1117000,신도림역 환승,서울특별시 구로구 구로동 1-4,"1,2호선",2,4,5,100원/5분,,서울특별시 구로구시설관리공단,2019-11-01,37.50786415,126.8922188
1164000009,2020,1117000,개봉역 1번출구 주차장,서울특별시 구로구개봉동203-27,1호선,2,,60,3000원/60분,,구로구,2019-11-01,37.494487,126.858158
1164000021,2020,1117000,신도림역 주차장,서울특별시 구로구구로동3-55,"1,2호선",2,,60,3000원/60분,,구로구,2019-11-01,37.5073023,126.8925842
1164000026,2020,1117000,오류동역주차장,서울특별시 구로구오류동65-6,1호선,2,,60,3000원/60분,,구로구,2019-11-01,37.4947878,126.8446963
1171000013,2020,1118000,가산디지털역 환승,서울특별시 금천구 가산동 35-2,"1,7호선",1,4,5,100원/5분,,서울특별시 금천구시설관리공단 (구청위탁),2019-11-25,37.48295114,126.8825718
1171000015,2020,1118000,가산디지털환승,서울특별시 금천구 가산동 35-2,"1,7호선",1,4,30,250원/5분,,서울특별시 금천구청,2019-08-31,37.48313387,126.882071
1174000002,2020,1118000,가산디지털환승주차장(가산주차장),서울특별시 금천구 가산동 464-2,"1,7호선",2,3,10,500원/10분,,민간,2019-08-31,37.48159601,126.8825604
1181000002,2020,1119000,대림역,서울특별시 영등포구 대림동 808-24,"2,7호선",1,3,5,150원/5분,,서울시설공단,2019-04-30,37.492914,126.895325
1182000001,2020,1119000,영등포구청역,서울특별시 영등포구 당산동3가 370-3,"2,5호선",2,3,5,150원/5분,,서울시설공단,2019-04-30,37.524876,126.895153
1182000015,2020,1119000,신길환승(5호선)공영주차장,서울특별시 영등포구 영등포1가35,"1,5호선",2,4,5,100원/5분,,서울특별시 영등포구시설관리공단,2019-04-30,37.517666,126.9143348
1182000016,2020,1119000,신길역사(1호선)공영주차장,서울특별시 영등포구 신길1동 54-2,"1,5호선",2,4,5,100원/5분,,서울특별시 영등포구시설관리공단,2019-04-30,37.5170175,126.9171901
1182000017,2020,1119000,영등포구청환승공영주차장,서울특별시 영등포구 당산동3가370-4,"2,5호선",2,4,5,100원/5분,,서울특별시 영등포구시설관리공단,2019-04-30,37.524747,126.895454
1192000001,2020,1120000,신대방역,서울특별시 동작구 신대방동 643-1,2호선,2,3,5,150원/5분,,서울시설공단,2019-04-30,37.487559,126.913219
1202000001,2020,1121000,구로디지털단지역(상),서울특별시 관악구 신림동 1677-4,2호선,2,3,5,100원/5분,,서울시설공단,2019-04-30,37.484644,126.903739
1211000004,2020,1122000,방배역,서울특별시 서초구 방배동 910-16,2호선,1,2,10,500원/10분,,서울특별시 서초구청,2019-06-26,37.482203,126.997031
1212000001,2020,1122000,교대역동측,서울특별시 서초구 서초1동 1673-7,"2,3호선",2,1,10,800원/10분,,서울특별시 서초구청,2019-06-26,37.4939238,127.0159712
1222000001,2020,1123000,수서역,서울특별시 강남구 수서동 735,3호선,2,2,5,100원/5분,,서울시설공단,2019-04-30,37.487944,127.099935
1222000002,2020,1123000,학여울역,서울특별시 강남구 대치동 514-1,3호선,2,3,5,100원/5분,,서울시설공단,2019-04-30,37.495109,127.069857
1222000004,2020,1123000,일원역,서울특별시 강남구 일원본동 716-2,3호선,2,4,5,100원/5분,,서울시설공단,2019-04-30,37.484669,127.084056
1222000023,2020,1123000,대청역,서울특별시 강남구 개포동 13-2,"3호선, 분당선",2,4,5,0원/0분,,강남구도시관리공단,2019-09-09,37.49491581,127.0793202
1231000001,2020,1124000,성내역,서울특별시 송파구 신천동 11-1,"2,8호선",1,3,5,150원/5분,,서울시설공단,2019-04-30,37.517157,127.104968
1231000008,2020,1124000,석촌역,서울특별시 송파구 송파동 67 ∼ 68,"8,9호선",1,2,5,0원/0분,,아마노코리아(주),2019-07-29,37.505766,127.107851
1232000001,2020,1124000,잠실역,서울특별시 송파구 잠실동 29(지하),"2,8호선",2,1,5,400원/5분,,서울시설공단,2019-04-30,37.513118,127.103524
1232000002,2020,1124000,복정역,서울특별시 송파구 장지동 561-9,"8호선, 분당선",2,4,5,100원/5분,,서울시설공단,2019-04-30,37.471045,127.126758
1232000026,2020,1124000,잠실나루역 환승주차장 (노상),서울특별시 송파구 신천동 15,2호선,2,3,0,0,,서울시 흰돌기업,2019-07-29,37.5186216,127.1049002
1232000028,2020,1124000,복정역 환승,서울특별시 송파구 장지동 561-9,"8호선, 분당선",2,4,0,0,,서울시설관리공단,2019-07-29,37.469953,127.128249
1232000029,2020,1124000,잠실역환승,서울특별시 송파구 신천동 29,"2,8호선",2,1,0,0,,서울시설관리공단,2019-07-29,37.513689,127.1044541
1242000001,2020,1125000,천호역,서울특별시 강동구 천호동 455,"5,8호선",2,3,5,150원/5분,,서울시설공단,2019-04-30,37.538507,127.125128
1612000011,2020,1102000,운 서 역,인천광역시 중구 운서동 2807-1,공항철도,2,3,30,200원/15분,,인천시설공단,2019-09-18,37.4928447,126.4936663
1612000027,2020,1102000,도 원 역,인천광역시 중구 도원동 5-7,1호선,2,3,0,0,,인천시설공단,2019-09-18,37.46703827,126.6415384
1612000138,2020,1102000,도원역공영주차장,인천광역시 중구 도원동 5-7,1호선,2,,0,0,,인천광역시,2019-05-31,37.46708032,126.6415959
1612000173,2020,1102000,영종역남부공영주차장,인천광역시 중구 운북동 464,공항철도,2,3,30,500원/15분,,인천광역시 중구청,2019-05-31,37.51131018,126.521895
1642000008,2020,2304000,연수역북부공영주차장,인천광역시 연수구 연수동 587,수인선,2,2,30,300원/15분,,인천광역시 연수구 시설안전관리공단,2019-09-10,37.4192007,126.6770341
1642000009,2020,2304000,연수역남광장주차장,인천광역시 연수구 연수동 591-2 외2,수인선,2,,0,0,,인천광역시 연수구청,2019-09-10,37.41702451,126.6795014
1642000010,2020,2304000,연수역남부공영주차장,인천광역시 연수구 청학동 466 외2,수인선,2,2,30,300원/15분,,인천광역시 연수구 시설안전관리공단,2019-09-10,37.4190089,126.6761631
1642000020,2020,2304000,원인재역 주차장(환승주차장),인천광역시 연수구 연수동 585외 2,"인천1호선, 수인선",2,2,0,0,,한국철도공사,2019-09-10,37.4213451,126.6831881
1642000021,2020,2304000,연수역 주차장(환승주차장),인천광역시 연수구 연수동 587-1외 1,수인선,2,2,30,400원/15분,,한국철도공사,2019-09-10,37.4185747,126.6781826
1642000022,2020,2304000,송도역 주차장(환승주차장),인천광역시 연수구 옥련동 293-1외 11,수인선,2,2,30,300원/15분,,한국철도공사,2019-09-10,37.4292184,126.6548471
1662000007,2020,2306000,갈산역,인천광역시 부평구 갈산동 192번지 일원,"인천1호선, 수인선",2,2,30,300원/15분,,인천광역시 부평구시설관리공단,2019-09-16,37.5159563,126.7220297
1662000008,2020,2306000,부평구청역,인천광역시 부평구 부평동 52-45번지 일원,"7호선, 인천1호선",2,2,30,300원/15분,,인천광역시 부평구시설관리공단,2019-09-16,37.5042741,126.7180036
1662000013,2020,2306000,동암역북광장,인천광역시 부평구 십정동 528,1호선,2,1,30,200원/15분,,인천시설공단,2019-09-18,37.47114567,126.7018233
1662000020,2020,2306000,부개역,인천광역시 부평구 부개동 206-1,1호선,2,3,30,200원/15분,,인천시설공단,2019-09-18,37.48937956,126.7396121
1662000036,2020,2306000,남부역1길,인천광역시 부평구 부평동 610-3번지 일원,"1호선, 인천1호선",2,,0,0,,인천광역시 부평구시설관리공단,2019-09-16,37.4878725,126.7281473
1662000052,2020,2306000,부평삼거리역,인천광역시 부평구 십정동 576-9번지 일원,인천1호선,2,3,30,200원/15분,,인천광역시 부평구시설관리공단,2019-09-16,37.4775567,126.7096235
1662000055,2020,2306000,백운역북광장,인천광역시 부평구 십정동 173-11번지 일원,1호선,2,2,30,300원/15분,,인천광역시 부평구시설관리공단,2019-09-16,37.4839258,126.7072945
1671000005,2020,2307000,작전역 동쪽(북측),인천광역시 계양구 작전동885,인천1호선,1,2,30,300원/15분,,인천광역시 계양구 시설관리공단,2019-08-28,37.53073548,126.7254192
1671000006,2020,2307000,작전역 동쪽(남측),인천광역시 계양구 작전동887,인천1호선,1,2,30,300원/15분,,인천광역시 계양구 시설관리공단,2019-08-28,37.52999004,126.7256708
1671000007,2020,2307000,작전역 환승 동쪽(북측),인천광역시 계양구 작전동 885,인천1호선,1,2,30,300원/15분,,인천광역시계양구시설관리공단,2020-02-01,37.53067988,126.7239826
1671000008,2020,2307000,작전역 환승 동쪽(남측),인천광역시 계양구 작전동 887,인천1호선,1,2,30,300원/15분,,인천광역시계양구시설관리공단,2020-02-01,37.53004219,126.7238831
1671000009,2020,2307000,작전역 환승 서쪽(남측),인천광역시 계양구 작전동 877,인천1호선,1,2,30,300원/15분,,인천광역시계양구시설관리공단,2020-02-01,37.53009577,126.7217588
1671000010,2020,2307000,작전역 환승 서쪽(북측),인천광역시 계양구 작전동 876,인천1호선,1,2,30,300원/15분,,인천광역시계양구시설관리공단,2020-02-01,37.53069485,126.7217254
1672000003,2020,2307000,경인교대 환승,인천광역시 계양구 계산동 969-9,인천1호선,2,2,30,300원/15분,,인천광역시계양구시설관리공단,2020-02-01,37.53842575,126.7220599
1675000001,2020,2307000,인천교통공사 계양역 부설주차장,인천광역시 계양구 귤현동 451-264,"인천1호선, 공항철도",3,3,10,300원/10분,,인천교통공사,2019-12-10,37.57161081,126.7360229
2002000004,2020,3101100,성대환승,경기도 수원시 장안구 율전동 230-2,1호선,2,2,30,150원/10분,,경기도 수원시 시설관리공단,2019-06-28,37.3011121,126.9716322
2012000003,2020,3101200,세류역환승,경기도 수원시 권선구 장지동 44-10,1호선,2,2,30,150원/10분,,경기도 수원시 시설관리공단,2019-06-28,37.2433621,127.0144673
2012000005,2020,3101200,수원역환승,경기도 수원시 권선구 서둔동 296-84,"1호선, 분당선",2,1,30,200원/10분,,수원도시공사,2019-06-28,37.26568578,126.9987869
2022000006,2020,3101300,꽃뫼환승,경기도 수원시 팔달구 화서동 689-1,1호선,2,2,30,200원/10분,,수원도시공사,2019-06-28,37.28503754,126.9862829
2022000015,2020,3101300,화서환승,경기도 수원시 팔달구 화서동 643,1호선,2,2,30,200원/10분,,수원도시공사,2019-06-28,37.2855501,126.9907526
2042000009,2020,3102100,산성역 환승,경기도 성남시 수정구 수정로366번길 7,8호선,2,1,30,200원/10분,,성남도시개발공사 노외주차처,2019-03-15,37.45666153,127.1507202
2062000002,2020,3102300,야탑 제1환승,경기도 성남시 분당구 성남대로 920,분당선,2,1,30,200원/10분,,성남도시개발공사 노외주차처,2019-03-15,37.41206876,127.1291734
2062000003,2020,3102300,야탑 제2환승,경기도 성남시 분당구 성남대로 919,분당선,2,1,30,200원/10분,,성남도시개발공사 노외주차처,2019-03-15,37.4117563,127.1281653
2062000007,2020,3102300,정자역환승,경기도 성남시 분당구 성남대로331번길 6,"분당선, 신분당선",2,1,30,200원/10분,,성남도시개발공사 노외주차처,2019-03-15,37.36575281,127.1073292
2062000008,2020,3102300,오리환승,경기도 성남시 분당구 구미동196,분당선,2,1,30,200원/10분,,성남도시개발공사 노외주차처,2019-03-15,37.33972198,127.1094318
2062000011,2020,3102300,수내역,경기도 성남시 분당구 수내로 74,분당선,2,1,30,200원/10분,,성남도시개발공사 노외주차처,2019-03-15,37.37927879,127.1188561
2062000012,2020,3102300,판교역환승,경기도 성남시 분당구 백현동532,"신분당선, 경강선",2,1,30,200원/10분,,성남도시개발공사 노외주차처,2019-03-15,37.39550185,127.110344
2062000014,2020,3102300,서현 환승,경기도 성남시 분당구 서현동264-1외1필지,분당선,2,1,30,200원/10분,,성남도시개발공사 노외주차처,2019-03-15,37.38457526,127.1238824
2071000038,2020,3103000,의2동 의정부(서부)역 철도변,경기도 의정부시 신흥로208번길 39-5 인근,1호선,1,1,10,0,,경기도 의정부시 시설관리공단,2019-12-01,37.740765,127.042847
2072000004,2020,3103000,장암동 장암역(환승),경기도 의정부시 동일로 121 인근,7호선,2,1,10,200원/10분,,경기도 의정부시 시설관리공단,2019-12-01,37.699765,127.053558
2072000005,2020,3103000,녹양동 녹양역(환승),경기도 의정부시 체육로 306-14 인근 (반대 차선 쪽),경원선,2,1,10,200원/10분,,경기도 의정부시 시설관리공단,2019-12-01,37.760799,127.032264
2072000009,2020,3103000,의정부역(환승),경기도 의정부시 평화로 494 인근 도로변(신세계백화점 앞),1호선,2,1,10,200원/10분,,경기도 의정부시 시설관리공단,2019-12-01,37.736669,127.047489
2072000010,2020,3103000,흥선역(라과디아),경기도 의정부시 호국로 1197 흥선역에서 의정부경찰서 방향 우측,의정부,2,1,10,200원/10분,,경기도 의정부시 시설관리공단,2019-12-01,37.743276,127.039846
2081000002,2020,3104100,안양역1노상,경기도 안양시 만안구 안양동 674-19,1호선,1,1,30,400원/10분,,경기도 안양시,2019-09-09,37.4005841,126.9219675
2081000003,2020,3104100,안양역2노상,경기도 안양시 만안구 안양동 668-19,1호선,1,1,30,400원/10분,,경기도 안양시,2019-09-09,37.400793,126.9217368
2082000011,2020,3104100,명학역,경기도 안양시 만안구 안양동 201-23,1호선,2,2,30,300원/10분,,경기도 안양시,2019-09-09,37.3858716,126.9361483
2082000013,2020,3104100,관악역3환승,경기도 안양시 만안구 석수동 110-20,1호선,2,3,30,200원/10분,,경기도 안양시,2019-09-09,37.4189562,126.9097349
2082000014,2020,3104100,관악역4환승,경기도 안양시 만안구 석수동 103-4,1호선,2,3,30,200원/10분,,경기도 안양시,2019-09-09,37.4197843,126.909016
2082000018,2020,3104100,관악역1환승,경기도 안양시 만안구 석수동 259-34,1호선,2,3,30,200원/10분,,경기도 안양시,2019-09-09,37.4192974,126.9081973
2082000019,2020,3104100,관악역2환승,경기도 안양시 만안구 석수동 262-19,1호선,2,3,30,200원/10분,,경기도 안양시,2019-09-09,37.418638,126.9087463
2082000041,2020,3104100,석수역 좌측,경기도 안양시 만안구 석수동 424,1호선,2,,30,0,,경기도 안양시,2019-09-09,37.4335815,126.9019458
2082000042,2020,3104100,석수역 우측,경기도 안양시 만안구 석수동 279-1,1호선,2,,30,0,,경기도 안양시,2019-09-09,37.4138452,126.9093767
2091000007,2020,3104200,평촌역노상,경기도 안양시 동안구 관양동 1604,4호선,1,1,30,400원/10분,,경기도 안양시,2019-09-09,37.3936102,126.962644
2091000010,2020,3104200,범계역노상,경기도 안양시 동안구 호계동 1046-5,4호선,1,1,30,400원/10분,,경기도 안양시,2019-09-09,37.3902007,126.9527476
2092000003,2020,3104200,인덕원환승,경기도 안양시 동안구 관양동 157,4호선,2,2,30,300원/10분,,경기도 안양시,2019-09-09,37.4006529,126.9784869
2141000118,2020,3107000,송탄역진입고가아래(신장동),경기도 평택시 신장동 262-11,1호선,1,,30,1000원/60분,,경기도 평택시청,2019-09-25,37.074524,127.054017
2141000119,2020,3107000,송탄역진입고가아래(지산동),경기도 평택시 신장동 224-25,1호선,1,,30,1000원/60분,,경기도 평택시청,2019-09-25,37.081436,127.050039
2142000015,2020,3107000,송탄역공영,경기도 평택시 신장동 263-169,1호선,2,,30,1000원/60분,,경기도 평택시청,2019-09-25,37.075432,127.0539317
2151000068,2020,3108000,동두천역 담장주차장,경기도 동두천시 동두천동 245-156,경원선,1,2,0,0,,경기도 동두천시청,2019-08-31,37.9286854,127.0538722
2152000025,2020,3108000,동두천역주차장,경기도 동두천시 동두천동 245-6,경원선,2,2,0,0,,경기도 동두천시청,2019-08-31,37.9281619,127.0560671
2153000022,2020,3108000,지행역주차장,경기도 동두천시 지행동 424-1,1호선,3,1,0,0,,경기도 동두천시청,2019-08-31,37.8918364,127.0556432
2153000023,2020,3108000,동두천중앙역주차장,경기도 동두천시 생연동 725-38,경원선,3,2,0,0,,경기도 동두천시청,2019-08-31,37.9010798,127.0564568
2153000024,2020,3108000,보산역주차장,경기도 동두천시 보산동 422,1호선,3,1,0,0,,경기도 동두천시청,2019-08-31,37.9142873,127.0572214
2153000026,2020,3108000,중앙역세권공영주차장,경기도 동두천시 생연동678-60,4호선,3,1,0,0,,경기도 동두천시청,2019-08-31,37.9028553,127.0549801
2155000034,2020,3108000,역전주차장,경기도 동두천시 생연동 683-40,1호선,3,2,0,0,,경기도 동두천시청,2019-08-31,37.9012693,127.0557861
2162000011,2020,3109100,상록수역앞,경기도 안산시 상록구 본오동 874-7,4호선,2,1,30,300원/10분,,경기도 안산시청 교통정책과,2019-08-01,37.302017,126.866523
2162000012,2020,3109100,상록수역 환승,경기도 안산시 상록구 본오동 875-5,4호선,2,2,30,200원/10분,,경기도 안산시청 교통정책과,2019-08-01,37.302769,126.864273
2162000013,2020,3109100,상록수역뒤환승,경기도 안산시 상록구 본오동 876-4,4호선,2,1,30,300원/10분,,경기도 안산시청 교통정책과,2019-08-01,37.303377,126.86515
2162000050,2020,3109100,한대앞역환승,경기도 안산시 상록구 이동 622-3,4호선,2,2,30,200원/10분,,경기도 안산시청 교통정책과,2019-08-01,37.310569,126.851519
2172000010,2020,3109200,중앙역사거리,경기도 안산시 단원구 고잔동 554-2,4호선,2,1,30,300원/10분,,경기도 안산시청 교통정책과,2019-08-01,37.316911,126.832413
2172000075,2020,3109200,안산역 환승,경기도 안산시 단원구 원곡동 380,4호선,2,2,30,200원/10분,,경기도 안산시청 교통정책과,2019-08-01,37.327976,126.787291
2182000003,2020,3110100,화정환승,경기도 고양시 덕양구 화정동 963,3호선,2,4,30,100원/10분,,경기도 고양도시관리공사,2019-12-17,37.63495085,126.8330457
2182000014,2020,3110100,원당환승,경기도 고양시 덕양구 성사동 394,3호선,2,4,30,100원/10분,,경기도 고양도시관리공사,2019-12-17,37.65408443,126.8410987
2192000009,2020,3110400,탄현환승,경기도 고양시 일산서구 탄현동 1636,경의선,2,4,30,100원/10분,,경기도 고양도시관리공사,2019-12-17,37.69535181,126.7613687
2192000010,2020,3110400,일산역,경기도 고양시 일산서구 일산동 1681-3,경의선,2,2,0,0,,경기도 고양도시관리공사,2019-12-17,37.6837005,126.7756553
2201000003,2020,3111000,중앙동 상업지역 주차장,경기도 과천시 관문로 90,4호선,1,2,10,400원/10분,,과천시시설관리공단,2019-11-22,37.42973045,126.9908483
2201000008,2020,3111000,별양동 상업지역 주차장,경기도 과천시 별양상가 1로,4호선,1,2,10,400원/10분,,과천시시설관리공단,2019-11-22,37.428059,126.992345
2231000032,2020,3114000,오산역앞 노상주차장,경기도 오산시 오산동 903-1,1호선,1,1,10,400원/10분,,오산시시설관리공단,2019-06-28,37.14685725,127.0680863
2232000003,2020,3114000,오산역 환승주차장,경기도 오산시 오산동 625-1,1호선,2,1,30,80원/10분,,오산시시설관리공단,2019-06-28,37.14693275,127.066099
2232000021,2020,3114000,세마역 임시공영주차장,경기도 오산시 세교동 603-1,1호선,2,1,1440,0,,오산시청,2019-06-28,37.186269,127.0434646
2232000024,2020,3114000,오산대역 환승주차장,경기도 오산시 수청동 600,1호선,2,1,1440,0,,오산시청,2019-06-28,37.169851,127.0606886
2232000029,2020,3114000,(오산대역인근)수청동 제2임시공영주차장,경기도 오산시 수청동 607-4,,2,1,1440,0,,오산시청,2019-06-28,37.17436192,127.0599676
2233000002,2020,3114000,오산역 제1환승주차장,경기도 오산시 오산동 625-1,1호선,3,1,30,80원/10분,,경기도 오산시시설관리공단,2019-06-01,37.147134,127.066254
2233000004,2020,3114000,오산대역환승주차장,경기도 오산시 수청동 600,1호선,3,1,30,80원/10분,,경기도 오산시시설관리공단,2019-06-01,37.169985,127.060694
2233000006,2020,3114000,세마역환승주차장,경기도 오산시 세교동 592-1,1호선,3,1,30,80원/10분,,경기도 오산시시설관리공단,2019-06-01,37.187221,127.056105
2233000008,2020,3114000,오산역 제2환승주차장,경기도 오산시 오산동 679-1,1호선,3,1,30,80원/10분,,경기도 오산시시설관리공단,2019-06-01,37.147571,127.075408
2242000006,2020,3115000,정왕역,경기도 시흥시 정왕동 876-366(정왕역),4호선,2,2,30,200원/10분,,시흥시시설관리공단,2019-12-17,37.3507561,126.7454461
2242000007,2020,3115000,정왕역1,경기도 시흥시 정왕동 2318-2(시립어린이),4호선,2,2,30,200원/10분,,시흥시시설관리공단,2019-12-17,37.3524401,126.7436573
2242000016,2020,3115000,신천역,경기도 시흥시 신천동 803(신천천),서해선,2,2,30,200원/10분,,시흥시시설관리공단,2019-12-17,37.4396932,126.786408
2242000037,2020,3115000,오이도역환승 노외,경기도 시흥시 정왕동 876-537,4호선,2,,0,0,,시흥시시설관리공단,2019-12-17,37.3613597,126.7376501
2242000052,2020,3115000,정왕역 임시노외,경기도 시흥시 정왕동 2317-13,4호선,2,,0,0,,시흥시시설관리공단,2019-12-17,37.352066,126.744565
2251000005,2020,3116000,군포역1길공영주차장,경기도 군포시 당동 750-24번지 군포역 1번,1호선,1,1,30,200원/10분,,군포시시설관리공단,2019-05-23,37.353157,126.946144
2251000037,2020,3116000,수리산역 주차장,경기도 군포시 산본동 1230,4호선,1,,0,0,,군포시청,2019-05-23,37.348838,126.924821
2252000017,2020,3116000,군포역환승공영주차장,경기도 군포시 당동 261-7번지,1호선,2,1,30,200원/10분,,군포시시설관리공단,2019-05-23,37.350818,126.948223
2252000024,2020,3116000,당정역광장공영주차장,경기도 군포시 당동 881-1,1호선,2,1,30,200원/10분,,군포시시설관리공단,2019-05-23,37.342641,126.948341
2282000058,2020,3119000,전대에버랜드역,경기도 용인시 처인구 포곡읍 전대리 192-38,에버라인,2,1,0,0,,용인시 처인구청,2019-09-30,37.28545275,127.2195993
2292000002,2020,3120000,금촌역 주차장,경기도 파주시 금촌동 329-204번지,경의선,2,,0,0,,경기도 파주시 시설관리공단,2019-09-10,37.763755,126.7692662
2292000016,2020,3120000,금촌역 선로하부 공영 주차장,경기도 파주시 아동동 308-2번지,경의선,2,1,30,500원/30분,,경기도 파주시 시설관리공단,2019-09-10,37.4603,126.464
2292000018,2020,3120000,운정역환승 주차장,경기도 파주시 와동동 1472번지,경의선,2,2,30,200원/30분,,경기도 파주시 시설관리공단,2019-09-10,37.72618921,126.7662652
2292000036,2020,3120000,야당역 환승 주차장,경기도 파주시 야당동 1087번지,경의선,2,,0,0,,경기도 파주시청 도시경관과,2019-09-10,37.7142052,126.7616304
2352000021,2020,3126000,덕계역사공영주차장,경기도 양주시 덕계동 159-3,1호선,2,1,30,200원/10분,,경기도 양주시청,2019-09-30,37.82052159,127.0581248
2352000022,2020,3126000,덕정역사공영주차장,경기도 양주시 덕정동 350-271,1호선,2,1,30,200원/10분,,경기도 양주시청,2019-09-30,37.8413611,127.0620371
2354000012,2020,3126000,덕정역 주차장,경기도 양주시 덕정동 281-4,경원선,2,1,30,200원/10분,,코레일네트웍스㈜,2019-09-30,37.83753317,127.0640175
2354000028,2020,3126000,신환승주차장,경기도 양주시 덕정동 350-269,1호선,2,1,30,200원/10분,,박진형,2019-09-30,37.84157604,127.0617067
2372000014,2020,3128000,세종대왕릉역공영주차장,경기도 여주시 능서면 신지리 717-4,경강선,2,1,0,0,,여주시청 교통행정과,2019-10-16,37.29225779,127.5726837
2412000013,2020,3110300,백석환승터미널,경기도 고양시 일산동구 백석동 1242,3호선,2,4,30,100원/10분,,경기도 고양도시관리공사,2019-12-17,37.64317774,126.7896628
2412000015,2020,3110300,백마역,경기도 고양시 일산동구 마두동 747,경의선,2,2,0,0,,경기도 고양도시관리공사,2019-12-17,37.65832268,126.794457
9991000001,2020,1111000,광운대역,서울특별시 노원구 석계로 98-2 광운대역,경원선,,,93,500원/10분,,코레일네트웍스,20200420,37.6232015,127.0616631
9991000002,2020,1112000,DMC역,"서울특별시 은평구 수색로 193 , 경의선 디지털미디어시티역 6번출구",경의선,,,64,500원/10분,,코레일네트웍스,20200420,37.5780872,126.8995894
9991000003,2020,1103000,서울역 KTX빌딩,서울특별시 용산구 청파로 378 공항철도 서울역 4번출구 옆(코레일승무사업소),경의선,,,103,500원/10분,,코레일네트웍스,20200420,37.5490645,126.9704658
9991000004,2020,1102000,서울역 서부,서울특별시 중구 청파로 426 서부주차장,경의선,,,84,500원/10분,,코레일네트웍스,20200420,37.5574069,126.9694999
9991000005,2020,1112000,수색역,서울특별시 은평구 수색로 261-1 수색역,경의선,,,78,500원/10분,,코레일네트웍스,20200420,37.5802897,126.8959692
9991000006,2020,1114000,수색역2,서울특별시 마포구 성암로 314 상암동 265,경의선,,,111,500원/10분,,코레일네트웍스,20200420,37.5837603,126.8878872
9991000007,2020,1107000,망우역,"서울특별시 중랑구 망우로55길 11-10 , 망우역 1번출구",경춘선,,,186,500원/10분,,코레일네트웍스,20200420,37.5991217,127.0910742
9991000008,2020,1117000,오류동역,서울특별시 구로구 경인로20길 13 오류동역,1호선,,,67,500원/10분,,코레일네트웍스,20200420,37.4954036,126.8470424
9992000001,2020,3125000,경기광주역,경기도 광주시 광주역로 10 경기광주역,경강선,,,157,300원/10분,,코레일네트웍스,20200420,37.3987307,127.2523187
9992000002,2020,3125000,곤지암역,경기도 광주시 곤지암읍 곤지암천로 333 곤지암역,경강선,,,75,300원/10분,,코레일네트웍스,20200420,37.3499839,127.3418393
9992000003,2020,3121000,부발역,경기도 이천시 부발읍 신아로 87 부발역,경강선,,,76,300원/10분,,코레일네트웍스,20200420,37.2598734,127.4903676
9992000004,2020,3125000,삼동역,경기도 광주시 순암로 451 삼동역,경강선,,,40,300원/10분,,코레일네트웍스,20200420,37.4088306,127.2041186
9992000005,2020,3128000,세종대왕릉역,경기도 여주시 능서면 양화로 877 세종대왕릉역,경강선,,,33,100원/10분,,코레일네트웍스,20200420,37.29419,127.570737
9992000006,2020,3121000,신둔도예촌역,경기도 이천시 신둔면 남정로 55 신둔도예촌역,경강선,,,29,300원/10분,,코레일네트웍스,20200420,37.315656,127.404609
9992000007,2020,3128000,여주역,경기도 여주시 교동로 80 여주역,경강선,,,87,300원/10분,,코레일네트웍스,20200420,37.282069,127.628592
9992000008,2020,3121000,이천역,경기도 이천시 이섭대천로 1063 이천역,경강선,,,160,300원/10분,,코레일네트웍스,20200420,37.2646392,127.4423125
9992000009,2020,3125000,초월역,경기도 광주시 초월읍 경충대로 1066 초월역,경강선,,,84,300원/10분,,코레일네트웍스,20200420,37.373394,127.30001
9992000010,2020,3119000,구성역,경기도 용인시 기흥구 용구대로 2403 구성역,1호선,,,169,300원/10분,,코레일네트웍스,20200420,37.299013,127.105664
9992000011,2020,3124000,병점역A,경기도 화성시 떡전골로 97 병점역,1호선,,,62,200원/10분,,코레일네트웍스,20200420,37.206821,127.033268
9992000012,2020,3124000,병점역B,경기도 화성시 떡전골로 97 병점역,1호선,,,22,200원/10분,,코레일네트웍스,20200420,37.206821,127.033268
9992000013,2020,3107000,서정리역,경기도 평택시 탄현로 51 서정리역,1호선,,,62,300원/10분,,코레일네트웍스,20200420,37.057003,127.053294
9992000014,2020,3114000,세마역,경기도 오산시 세마역로 88 세마역,1호선,,,96,200원/10분,,코레일네트웍스,20200420,37.1878476,127.0430124
9992000015,2020,3114000,오산대역A,경기도 오산시 청학로 236 오산대역,1호선,,,75,200원/10분,,코레일네트웍스,20200420,37.1692426,127.0631155
9992000016,2020,3114000,오산대역B,경기도 오산시 청학로 236 오산대역,1호선,,,72,0,,코레일네트웍스,20200420,37.1692426,127.0631155
9992000017,2020,3117000,의왕역,경기도 의왕시 철도박물관로 66 의왕역,1호선,,,27,500원/30분,,코레일네트웍스,20200420,37.320648,126.948099
9992000018,2020,3107000,지제역,경기도 평택시 경기대로 777 지제역,1호선,,,118,300원/10분,,코레일네트웍스,20200420,37.018822,127.070269
9992000019,2020,3107000,진위역,경기도 평택시 진위면 경기대로 1855 진위역,1호선,,,60,200원/10분,,코레일네트웍스,20200420,37.109771,127.062342
9992000020,2020,3103000,가능역A,"경기도 의정부시 평화로 633 , 가능역A (동두천 방향 북쪽 주차장)",경원선,,,90,200원/10분,,코레일네트웍스,20200420,37.748362,127.044251
9992000021,2020,3103000,가능역B,"경기도 의정부시 평화로 633 , 가능역B (의정부 방향 남쪽 주차장)",경원선,,,31,200원/10분,,코레일네트웍스,20200420,37.748362,127.044251
9992000022,2020,3103000,가능역C,경기도 의정부시 평화로 633 가능역C,경원선,,,33,200원/10분,,코레일네트웍스,20200420,37.748362,127.044251
9992000023,2020,3103000,녹양역,경기도 의정부시 평화로 757 녹양역,경원선,,,45,200원/10분,,코레일네트웍스,20200420,37.75939,127.04223
9992000024,2020,3126000,덕정역,경기도 양주시 화합로 1356 덕정역,경원선,,,88,200원/10분,,코레일네트웍스,20200420,37.843216,127.061511
9992000025,2020,3108000,동두천역,경기도 동두천시 평화로 2687 동두천역,경원선,,,68,200원/10분,,코레일네트웍스,20200420,37.926664,127.054992
9992000026,2020,3126000,양주역,경기도 양주시 평화로 919 양주역,경원선,,,34,200원/10분,,코레일네트웍스,20200420,37.773956,127.044782
9992000027,2020,3126000,양주역B,경기도 양주시 평화로 919 양주B역,경원선,,,68,200원/10분,,코레일네트웍스,20200420,37.773956,127.044782
9992000028,2020,3110100,강매역,경기도 고양시 덕양구 소원로 202 강매역,경의선,,,36,0,,코레일네트웍스,20200420,37.6125959,126.8454369
9992000029,2020,3120000,금촌역,경기도 파주시 새꽃로 193 금촌역,경의선,,,141,200원/10분,,코레일네트웍스,20200420,37.766106,126.774515
9992000030,2020,3110100,능곡역,경기도 고양시 덕양구 토당로 35 능곡역,경의선,,,146,200원/10분,,코레일네트웍스,20200420,37.618741,126.820845
9992000031,2020,3120000,문산역,경기도 파주시 문산읍 문산역로 94 문산역,경의선,,,102,300원/10분,,코레일네트웍스,20200420,37.8545648,126.7875312
9992000032,2020,3110300,백마역,"경기도 고양시 일산동구 경의로 318 , 백마역 2번출구",경의선,,,36,200원/10분,,코레일네트웍스,20200420,37.658346,126.7944
9992000033,2020,3110300,백마역 선상,경기도 고양시 일산동구 경의로 318 백마역 선상주차장,경의선,,,62,200원/10분,,코레일네트웍스,20200420,37.658346,126.7944
9992000034,2020,3110400,일산역,경기도 고양시 일산서구 일중로15번길 83 일산역,경의선,,,57,200원/10분,,코레일네트웍스,20200420,37.681997,126.77004
9992000035,2020,3110100,화전역,경기도 고양시 덕양구 화랑로 53 화전역,경의선,,,62,200원/10분,,코레일네트웍스,20200420,37.60328,126.867955
9992000036,2020,3113000,금곡역,경기도 남양주시 금곡로19번길 47 금곡역 주차장,경춘선,,,88,300원/10분,,코레일네트웍스,20200420,37.637421,127.20795
9992000037,2020,3113000,퇴계원역,경기도 남양주시 퇴계원면 경춘북로 545 퇴계원역,경춘선,,,101,300원/10분,,코레일네트웍스,20200420,37.6480708,127.1441203
9992000038,2020,3113000,평내호평역,경기도 남양주시 경춘로 1375 평내호평역,경춘선,,,70,400원/10분,,코레일네트웍스,20200420,37.653229,127.244452
9992000039,2020,3106000,광명역 발렛,경기도 광명시 광명역로 21 광명역,1호선,,,,-,,코레일네트웍스,20200420,37.416522,126.884789
9992000040,2020,3106000,광명역A,경기도 광명시 광명역로 21 광명역A주차장,1호선,,,984,500원/10분,,코레일네트웍스,20200420,37.416522,126.884789
9992000041,2020,3106000,광명역B,경기도 광명시 광명역로 21 광명역B주차장,1호선,,,324,500원/10분,,코레일네트웍스,20200420,37.416522,126.884789
9992000042,2020,3105000,소사역,경기도 부천시 소사구 소사로 272 소사역,"1호선, 서해선",,,32,0,,코레일네트웍스,20200420,37.482755,126.795654
9992000043,2020,3109200,고잔역,경기도 안산시 단원구 중앙대로 784 고잔역,4호선,,,75,200원/10분,,코레일네트웍스,20200420,37.316832,126.823106
9992000044,2020,3109200,신길온천역,경기도 안산시 단원구 황고개로 2 신길온천역,4호선,,,60,0,,코레일네트웍스,20200420,37.337488,126.767306
9992000045,2020,3115000,오이도역,경기도 시흥시 역전로 430 오이도역 주차장,4호선,,,72,200원/10분,,코레일네트웍스,20200420,37.362033,126.737636
9992000046,2020,3115000,정왕역A,경기도 시흥시 마유로418번길 15 정왕역A,4호선,,,127,200원/10분,,코레일네트웍스,20200420,37.351374,126.743582
9992000047,2020,3115000,정왕역B,경기도 시흥시 마유로418번길 15 정왕역B,4호선,,,177,200원/10분,,코레일네트웍스,20200420,37.351374,126.743582
9992000048,2020,3109200,중앙역,경기도 안산시 단원구 중앙대로 918 중앙역,4호선,,,81,200원/10분,,코레일네트웍스,20200420,37.316065,126.838545
9992000049,2020,3109200,초지역,경기도 안산시 단원구 중앙대로 620 초지역,4호선,,,73,200원/10분,,코레일네트웍스,20200420,37.320583,126.806151
9992000050,2020,3112000,구리역,경기도 구리시 건원대로34번길 32-29 구리역,중앙선,,,152,200원/10분,,코레일네트웍스,20200420,37.6033064,127.1432928
9992000051,2020,3113000,덕소역,경기도 남양주시 와부읍 덕소로 56 덕소역,중앙선,,,65,300원/10분,,코레일네트웍스,20200420,37.587199,127.208547
9992000052,2020,3113000,도농역,경기도 남양주시 경춘로 433 도농역,중앙선,,,100,300원/10분,,코레일네트웍스,20200420,37.608763,127.161123
9992000053,2020,3138000,양수역,경기도 양평군 양서면 목왕로 55-10 양수역,중앙선,,,73,200원/10분,,코레일네트웍스,20200420,37.545998,127.328948
9992000054,2020,3113000,양정역,경기도 남양주시 경강로 237 양정역,중앙선,,,39,200원/10분,,코레일네트웍스,20200420,37.604269,127.194602
9992000055,2020,3138000,양평역1 2,경기도 양평군 양평읍 역전길 30 양평역,중앙선,,,112,200원/10분,,코레일네트웍스,20200420,37.4927707,127.4921322
9992000056,2020,3138000,용문역,경기도 양평군 용문면 용문역길 21 용문역,중앙선,,,85,200원/10분,,코레일네트웍스,20200420,37.482468,127.594471
9992000057,2020,3138000,용문역2,경기도 양평군 용문면 용문역길 21 용문역,중앙선,,,78,0,,코레일네트웍스,20200420,37.482468,127.594471
9992000058,2020,3138000,용문역3,경기도 양평군 용문면 용문역길 21 용문역,중앙선,,,27,0,,코레일네트웍스,20200420,37.482468,127.594471
9993000001,2020,2304000,송도역,인천광역시 연수구 비류대로 175 송도역,4호선,,,158,300원/10분,,코레일네트웍스,20200420,37.429714,126.654485
9993000002,2020,2304000,원인재역,인천광역시 연수구 경원대로 지하 285 원인재역,4호선,,,42,0,,코레일네트웍스,20200420,37.412757,126.6871295
